{
  "layer": 31,
  "num_examples": 22570,
  "category_distribution": {
    "Initializing": 2582,
    "Adding Knowledge": 2220,
    "Question Posing": 1614,
    "Deduction": 9448,
    "Uncertainty Estimation": 794,
    "Example Testing": 2158,
    "Comparative Analysis": 309,
    "Final Answer": 1125,
    "Metaphorical Thinking": 161,
    "Summary": 297,
    "Backtracking": 1862
  },
  "category_probe": {
    "accuracy": 0.4997320471596999,
    "metrics": {
      "Adding Knowledge": {
        "precision": 0.25280898876404495,
        "recall": 0.140625,
        "f1-score": 0.18072289156626506,
        "support": 320.0
      },
      "Backtracking": {
        "precision": 0.4389312977099237,
        "recall": 0.3685897435897436,
        "f1-score": 0.40069686411149824,
        "support": 312.0
      },
      "Comparative Analysis": {
        "precision": 0.0,
        "recall": 0.0,
        "f1-score": 0.0,
        "support": 78.0
      },
      "Deduction": {
        "precision": 0.5061532354108773,
        "recall": 0.8534136546184738,
        "f1-score": 0.6354348367804635,
        "support": 1494.0
      },
      "Example Testing": {
        "precision": 0.5428571428571428,
        "recall": 0.11014492753623188,
        "f1-score": 0.18313253012048192,
        "support": 345.0
      },
      "Final Answer": {
        "precision": 0.46715328467153283,
        "recall": 0.3615819209039548,
        "f1-score": 0.40764331210191085,
        "support": 177.0
      },
      "Initializing": {
        "precision": 0.6319018404907976,
        "recall": 0.639751552795031,
        "f1-score": 0.6358024691358025,
        "support": 483.0
      },
      "Metaphorical Thinking": {
        "precision": 0.5,
        "recall": 0.029411764705882353,
        "f1-score": 0.05555555555555555,
        "support": 68.0
      },
      "Question Posing": {
        "precision": 0.18181818181818182,
        "recall": 0.030534351145038167,
        "f1-score": 0.05228758169934641,
        "support": 262.0
      },
      "Summary": {
        "precision": 0.0,
        "recall": 0.0,
        "f1-score": 0.0,
        "support": 54.0
      },
      "Uncertainty Estimation": {
        "precision": 0.32142857142857145,
        "recall": 0.06474820143884892,
        "f1-score": 0.10778443113772455,
        "support": 139.0
      },
      "accuracy": 0.4997320471596999,
      "macro avg": {
        "precision": 0.34936841301373384,
        "recall": 0.23625464697574589,
        "f1-score": 0.2417327702008226,
        "support": 3732.0
      },
      "weighted avg": {
        "precision": 0.4489640259079333,
        "recall": 0.4997320471596999,
        "f1-score": 0.4306199718358392,
        "support": 3732.0
      }
    }
  },
  "backtracking_probe": {
    "accuracy": 0.7344587352625938,
    "metrics": {
      "precision": 0.21684737281067556,
      "recall": 0.8333333333333334,
      "f1": 0.3441429516876241
    },
    "balance_method": "undersample"
  }
}